{
    "0": 24.999417193202348,
    "1": 32.99941719320234,
    "2": -91.00058280679772,
    "3": 96.99941719320228,
    "4": -62.00058280679766,
    "5": -34.00058280679766,
    "6": 86.99941719320228
}